{
    "name": "pochi(solder)",
    "vendorId": "0x4B53",
    "productId": "0x0003",
    "matrix": { "rows": 4, "cols": 12 },
    "layouts": {
        "labels": [
            [
                "Enter", 
                "2.25U", 
                "1.25U", 
                "ISO"
            ],
            "1.25U Left Shift",
            "Rotary Encoder",
            [
                "Bottom Row",
                "6.25U Space",
                "Split w/ 4 keys on left",
                "Split w/ 4 keys on right"
            ]
        ],
        "keymap": [
            [
                {
                  "x": 3.5,
                  "c": "#aaaaaa",
                  "f": 1,
                  "w": 1.5
                },
                "0,0",
                {
                  "c": "#cccccc"
                },
                "0,1",
                "0,2",
                "0,3",
                "0,4",
                "0,5",
                "0,6",
                "0,7",
                "0,8",
                "0,9",
                "0,10",
                {
                  "c": "#aaaaaa",
                  "w": 1.5
                },
                "0,11\n\n\n0,0",
                {
                  "x": 1.25,
                  "w": 1.5
                },
                "0,11\n\n\n0,1",
                {
                  "x": 1.75,
                  "c": "#777777",
                  "w": 1.25,
                  "h": 2,
                  "w2": 1.5,
                  "h2": 1,
                  "x2": -0.25
                },
                "1,11\n\n\n0,2"
              ],
              [
                {
                  "x": 3.5,
                  "c": "#aaaaaa",
                  "sm": "cherry",
                  "w": 1.75
                },
                "1,0",
                {
                  "c": "#cccccc"
                },
                "1,1",
                "1,2",
                "1,3",
                {
                  "n": true
                },
                "1,4",
                "1,5",
                "1,6",
                {
                  "n": true
                },
                "1,7",
                "1,8",
                "1,9",
                {
                  "c": "#777777",
                  "w": 2.25
                },
                "1,11\n\n\n0,0",
                {
                  "x": 0.5,
                  "c": "#cccccc"
                },
                "1,10\n\n\n0,1",
                {
                  "c": "#aaaaaa",
                  "w": 1.25
                },
                "1,11\n\n\n0,1",
                {
                  "x": 0.75,
                  "c": "#cccccc"
                },
                "1,10\n\n\n0,2"
              ],
              [
                {
                  "x": 0.75,
                  "c": "#aaaaaa",
                  "w": 1.25
                },
                "2,0\n\n\n1,1",
                {
                  "c": "#cccccc"
                },
                "2,1\n\n\n1,1",
                {
                  "x": 0.5,
                  "c": "#aaaaaa",
                  "w": 2.25
                },
                "2,0\n\n\n1,0",
                {
                  "c": "#cccccc"
                },
                "2,2",
                "2,3",
                "2,4",
                "2,5",
                "2,6",
                "2,7",
                "2,8",
                "2,9",
                "2,10",
                {
                  "c": "#aaaaaa",
                  "w": 1.75
                },
                "2,11"
              ],
              [
                {
                  "x": 2,
                  "c": "#cccccc"
                },
                "3,0\n\n\n2,1\n\n\n\n\n\ne0",
                {
                  "x": 0.5,
                  "c": "#aaaaaa"
                },
                "3,0\n\n\n2,0",
                "3,1\n\n\n3,0",
                {
                  "w": 1.25
                },
                "3,2\n\n\n3,0",
                {
                  "c": "#777777",
                  "w": 6.25
                },
                "3,6\n\n\n3,0",
                {
                  "c": "#aaaaaa",
                  "w": 1.25
                },
                "3,9\n\n\n3,0",
                {
                  "w": 1.25
                },
                "3,10",
                "3,11"
              ],
              [
                {
                  "y": 0.75,
                  "x": 4.5
                },
                "3,1\n\n\n3,1",
                {
                  "w": 1.25
                },
                "3,2\n\n\n3,1",
                {
                  "w": 1.25
                },
                "3,3\n\n\n3,1",
                {
                  "w": 2.75
                },
                "3,5\n\n\n3,1",
                {
                  "w": 2.25
                },
                "3,7\n\n\n3,1",
                {
                  "w": 1.25
                },
                "3,9\n\n\n3,1"
              ],
              [
                {
                  "y": 0.5,
                  "x": 4.5,
                  "w": 1.25
                },
                "3,1\n\n\n3,2",
                {
                  "w": 1.25
                },
                "3,2\n\n\n3,2",
                {
                  "w": 2.75
                },
                "3,5\n\n\n3,2",
                {
                  "w": 2.25
                },
                "3,7\n\n\n3,2",
                {
                  "w": 1.25
                },
                "3,8\n\n\n3,2",
                "3,9\n\n\n3,2"
              ]
        ]
    }
}