{
    "manufacturer": "mollecue",
    "keyboard_name": "pochi(hotswap)",
    "maintainer": "Murasaki",
    "features": {},
    "processor": "atmega32u4",
    "url": "https://mollecue.com",
    "usb": {
        "device_version": "1.0.0",
        "pid": "0x0002",
        "vid": "0x4B53"
    },
    "layouts": {
        "LAYOUT_basic": {
            "layout":[
                {
                   "label":"ESC",
                   "x":0,
                   "y":0,
                   "w":1.5
                },
                {
                   "label":"Q",
                   "x":1.5,
                   "y":0
                },
                {
                   "label":"W",
                   "x":2.5,
                   "y":0
                },
                {
                   "label":"E",
                   "x":3.5,
                   "y":0
                },
                {
                   "label":"R",
                   "x":4.5,
                   "y":0
                },
                {
                   "label":"T",
                   "x":5.5,
                   "y":0
                },
                {
                   "label":"Y",
                   "x":6.5,
                   "y":0
                },
                {
                   "label":"U",
                   "x":7.5,
                   "y":0
                },
                {
                   "label":"I",
                   "x":8.5,
                   "y":0
                },
                {
                   "label":"O",
                   "x":9.5,
                   "y":0
                },
                {
                   "label":"P",
                   "x":10.5,
                   "y":0
                },
                {
                   "label":"Backspace",
                   "x":11.5,
                   "y":0,
                   "w":1.5
                },
                {
                   "label":"CapsLock",
                   "x":0,
                   "y":1,
                   "w":1.75
                },
                {
                   "label":"A",
                   "x":1.75,
                   "y":1
                },
                {
                   "label":"S",
                   "x":2.75,
                   "y":1
                },
                {
                   "label":"D",
                   "x":3.75,
                   "y":1
                },
                {
                   "label":"F",
                   "x":4.75,
                   "y":1
                },
                {
                   "label":"G",
                   "x":5.75,
                   "y":1
                },
                {
                   "label":"H",
                   "x":6.75,
                   "y":1
                },
                {
                   "label":"J",
                   "x":7.75,
                   "y":1
                },
                {
                   "label":"K",
                   "x":8.75,
                   "y":1
                },
                {
                   "label":"L",
                   "x":9.75,
                   "y":1
                },
                {
                   "label":"Enter",
                   "x":10.75,
                   "y":1,
                   "w":2.25
                },
                {
                   "label":"Shift",
                   "x":0,
                   "y":2,
                   "w":2.25
                },
                {
                   "label":"Z",
                   "x":2.25,
                   "y":2
                },
                {
                   "label":"X",
                   "x":3.25,
                   "y":2
                },
                {
                   "label":"C",
                   "x":4.25,
                   "y":2
                },
                {
                   "label":"V",
                   "x":5.25,
                   "y":2
                },
                {
                   "label":"B",
                   "x":6.25,
                   "y":2
                },
                {
                   "label":"N",
                   "x":7.25,
                   "y":2
                },
                {
                   "label":"M",
                   "x":8.25,
                   "y":2
                },
                {
                   "label":"<",
                   "x":9.25,
                   "y":2
                },
                {
                   "label":">",
                   "x":10.25,
                   "y":2
                },
                {
                   "label":"Shift",
                   "x":11.25,
                   "y":2,
                   "w":1.75
                },
                {
                   "label":"Ctl",
                   "x":0,
                   "y":3
                },
                {
                   "label":"Win",
                   "x":1,
                   "y":3
                },
                {
                   "label":"Alt",
                   "x":2,
                   "y":3,
                   "w":1.25
                },
                {
                   "label":"",
                   "x":3.25,
                   "y":3,
                   "w":6.25
                },
                {
                   "label":"Alt",
                   "x":9.5,
                   "y":3,
                   "w":1.25
                },
                {
                   "label":"Ctl",
                   "x":10.75,
                   "y":3,
                   "w":1.25
                },
                {
                   "label":"Fn",
                   "x":12,
                   "y":3
                }
             ]
          }
    }   
}